client_id,probability
002218c52073faaf23bb26df2cffb138,0.23762707375754522
0069d4050c7aeb341317e2e125e8fd2e,0.6365166997736756
0083fb89aea18c408a5534cdd38d7692,0.6665741647004577
014021fa559786c81e9e1d48d378aabb,0.21154781007540813
01759f92152bbb3de79f9493a4a5cd6d,0.5521445630224583
019b5770a0126c8e9653024d90c24a47,0.8401207064794006
01cdd2938bb35672179f413d33eff98c,0.3851254983770419
01d3775fb2681e22e24e2824207ff773,0.7375172400609198
0232d0facd3282f8317b16a1fa7a332f,0.45393457527217784
0238142546a9e0b4ef8a14b769a3780b,0.4333422391413234
0255393cde0896506f6e9f43c13218de,0.7730193496390222
026568b7a3cd99d2aaab3597911253a9,0.7556321826743546
02c38e5b3990448f6f1febd6185255ec,0.9116375252995507
035f8387d2dea7bda47401725835d896,0.33386726802298083
038506db89c32294c008fae5c1df4e22,0.3625606921950827
03eb714e5f1783667ce3d442661b2229,0.4091379665752918
03efb0f0c95daa0b02cabf04679088a4,0.5034182868548854
0433dca07ab24e4637ae6e2623743fa7,0.8343139433183734
04c612cce1088d68cdc96b7daddfde8b,0.386825885534394
04e889ad08182788e9aa9a24781cfcc3,0.9207158310526891
04f8166edf36837eed65872549e34276,0.773443394522549
053e23227360c3dc193644ab67649479,0.12682093470259426
056ffeb0a7354fc63466fde5bd97bc53,0.08147032677752564
06fbfdd5130e86ba92dc8227c9ab576f,0.5810010148069781
0708aafb59be1c5883f828d93c3d4554,0.960519021032561
07133675964764ae7b4e3bab62775fff,0.22112920872068753
07e030daed7a613f440d1b063a267355,0.9152047580231937
07fe858d26127b0050538f98f555d151,0.595846329658995
081cac1126d838e9451ae8e38ef0838c,0.1597020409654729
088304f0972a4118cdb8e54a59054d52,0.17835648230882462
090d8a7ec72583bd43d2d4708ba8f3dd,0.1265616272614145
09101afc651d96df1772d9d7b08cba2a,0.6134790324699362
095c222474bfafda68236758964916a4,0.23372053256682068
09f496253c803fb33d4fa167c7f16b50,0.31433074157444696
0a42d72d5f8e633bce3ad88283e35b32,0.6522241940014477
0ac0c7fa0e14e7c7827ef1818ae2ca66,0.7721832194201665
0adbac13d3e75dccbea5ff1c03a0afe5,0.03902059643698397
0ae081b41c51d1780f252a11fcb14e83,0.9925365110952561
0af41dd557bf452cbdc9b8ff81bd7230,0.5998711616119223
0b7ef654415c3835a7f46c45537da5d6,0.8875358092905838
0c60effea5218f9676283ad9062ad6c5,0.7724759613125362
0c73c310fa2f1b5279f20c5300f2b925,0.6793398677170213
0c90c478230fcb43ea7492c9f604c1b5,0.9693415591475677
0d11f81b16275479b3745c41e5817431,0.7796957470354742
0d771c2e252240c59858f288fff87907,0.3356401719083453
0d7c26c7028463f9d8a039c432265a98,0.7959572326612607
0d90133f20d690f9dcceef85c545a743,0.9925596233198646
0ddf9a8778d93b887117be12ab67f71f,0.677476555596346
0e3849ad5378657bbea97057b6cbdca6,0.28713190692815926
0e463cde765c6226d417f78e05e10c4f,0.37977258003930936
0ef1908e7689a3783e650d320b3de76d,0.9319982261919082
0f5c62682963a712c12ae4e4c23d6e63,0.7553531782491145
0f82dcefeed6e30f0a382f66b7db88c7,0.6429037069403597
0f970f7a111d92e82e153ccef9d56eb9,0.9090190563593745
0fad4cc0bad65ff0394a4e20bb8e2b27,0.3570050562806182
0ff0fe649132037f6f5bdcb4084dc154,0.9222522845786769
103d968a05e81dc8150b525e31da4035,0.2526881629744464
10c378ecadfdab85149fbffcf2202db9,0.8444129225961783
10d96802d37bd222b0cdfc269cb5da76,0.36893889572094263
110c752138e8039d919bc4733be894fb,0.6812182178650503
11656f3e839565bb7daff8469fbdd4a3,0.8782930082046158
11f1ffb065a96bd210cfc755bfddfbff,0.7023825131943018
1207e6d84c6785af3022c1523af76ac0,0.8365507735663404
1230f8a4d34bf55cabebcfa4107a587f,0.9258736832390942
12362c05404834dc4c6c1cb1cb4c2cd0,0.6651593110104385
123cc9e6e6034c8f42430a27fedb4d5c,0.7714673556848952
128e431eb623724242a4678a341ee302,0.7169189693918572
13189a768f328bf7e036c764fe9e54b6,0.9094808636450016
137b88ab97a3fa80ebb42bfd306a8965,0.7763123871768234
138a2aff06b5ab333a900e33a7a1f10b,0.6643483360287274
1460dcbded1a7662ae3dfc75303b61c2,0.6134685939306497
146a361db097b387400fcfb81b61ab64,0.9252274243749968
147741a0811c674e0fb00808d52b2695,0.37224733252996556
14b92a7ee75652db14eaba2c7a40a369,0.97559202255656
14c6a248c4b72c2621fb7809d73094e4,0.6503201560296124
1561e4d7adf51abaaa7100d91b91fced,0.6855820862068507
1566036a98f21f80c822bd19423a869a,0.7648442738171021
157e2f0667575192b526fa8feca3a779,0.896179685886841
159f787755ab1b81316770c2c32919ad,0.7136528303955787
1643bc583f09e71bf8237a0cbadf7039,0.4880355372332269
16574417ec891339c88a983bbddfdec0,0.6705188558757442
16bedb0b451744a9e6c465afaf9ab943,0.7440941931564988
16d5f5a5bbb104c224577a4d75689f06,0.5837475986409602
16d8766aaff61ee9e7ac9f386db8e0fc,0.9278806226333915
175fc778b2dc434b73beb4bf3651d092,0.7820363797263905
177377c1f9da61c18e2979dba631d8f9,0.05787119727464518
17863265e795a5ccf1e4ce9d861159db,0.007174398367409185
1799ca9b2f5f2b03d1e9cf059b2b1219,0.7187836926670923
17b4358c1ed345d881649d350e0dabc7,0.4963100848408477
17bd8e0911569eb27ab1fe592b5918be,0.7129161930908317
1844a5a6507015f4fc3078f21dee0dbe,0.47842244170053727
1856e422d692d04c44f3c2d9ea762a4b,0.8590487092157073
187bb017d01a9a125d58da76ec1d24b0,0.5146605526395991
187f1e3180a43c0806cae12ef28a2def,0.9438938944389172
18c89d23036cc2241467e6aa801d4532,0.9182892684425107
18cb4fb294aed3e2f70b3c05b34a1630,0.8273209055143007
1938b7cb85bfd2c01f953294576d1e33,0.06025336861524766
19aa61630f46c329d58a94d7ec811220,0.594333922409108
19ce9160bf70256800fa532ad4e73ce4,0.37848307402835824
19dd141c21029cdfeda7622031fbe7c8,0.5706722862691687
1a97b95b5fd2159a3c114dbcf8453a07,0.4726101011232837
1aa2a36ff817401289914a5fe43afd47,0.584697267822322
1b4ef2b51648d4e2e260a846ef266e4b,0.8181876513577061
1b8ae0a863c5eadc6e0c13dae558f169,0.11234659363987376
1b95cf714be0647767080354fd7cf079,0.49815345469555883
1c07ac7cf4c7a8f539d4cf68d5b794b8,0.22912380888894568
1c3126f37ea188db88033f24244311ba,0.13376575517637002
1c799cff9ded67facac26128d5afceae,0.9952339831597515
1c8a551fba8087ef64c678982913f551,0.6036981148224307
1cad119091fd09fb7d7d0acdb7a2d616,0.18179885863638534
1d100219fc467704e2b0f684c753a1dc,0.5046816110096807
1dce9638fca8cc53b41900c4edf9131f,0.7364465796566547
1dd1efe731c0f72fba9b0c73f3e77add,0.08843663609915164
1dd8a76776b6cf303e97ac86f12c1400,0.17049538718084456
1e8e7c03fc1d96703c750443494b287a,0.7011359152877705
1eade58e33d74fd59c9ce2460c4f171c,0.5867723029598599
1f4ef956c6822a878e572a2376fcb5d9,0.8250875181052941
1f5115773f578bb4056b973e6e7a0593,0.2475893393978711
1f5c9f01df235cf2a0115bf4f42454b4,0.5589068126985606
1f82c805464a70e324a8dcdc684d5409,0.7632113533427758
1f8512a3ca5c9f863a9171cf04ff0a6e,0.6278535658197533
1fc85c262cbef9068fe27db0f5675e8d,0.03569084919049981
208cf9c933c3e20749fae623309b6549,0.5674177661714321
20dfeed7bcee88775061df639c060983,0.23827702799779016
2179e54dc1d8e2dd6d80714280aadbbb,0.19353029604497685
21b02ad331a533c590294fa2a06eae95,0.22663594982948476
21b6e367d4a73d07b54eb2e7f844d036,0.4959209619003593
21f43770a63dfede36ca2d328b8de888,0.18951246849569592
2267a21affb9653362e70c1bbeaabd19,0.963246442253212
22752e0cdf783fbc0a12893a83eb9025,0.08478245020931519
22fd18b812fa4cb5d53879c1541bfcf3,0.9308831503033508
230d3dea0b56f1ec1b4fe03d421865af,0.48511953565358523
23550db55b90443a3f30a9111b6996ce,0.33697483740132017
23b9f4703e8904f0dfb5d05dba11d798,0.5005276850355342
242fbba9c28a9a14135970d5a7c0fe6e,0.2564022336589947
24a63dfd4e20dad30f2b3bc047eefaf7,0.8141060631919846
24e025cbc49a7a26d9e29f0592b8095a,0.28842183047234093
251431637700df09154c635ad1c00d24,0.2048328590849654
26288a7e4c578dd9f8a559282e389eb5,0.8055059246374028
26aa002f6899db01456a195784a5b6f7,0.9303926105943244
26d7c634d050159934bc818c9330d88d,0.903586896074871
26edfc476a4caaae1baecf051eb1b432,0.2767792999118509
270c750e77ba71f1893119dddf3888a1,0.7028358173396789
274ad6dda7f11e219e2593ef1b0013c5,0.06813039361259066
290c3bb9c2c709d41ebe5cb8bc278048,0.5271688373287724
29b1499fa9d6d3c06e9e3f6c4ceaf42a,0.9186575882702204
29bac96a98fb97e4925bcc4273a36a4c,0.6044841194302947
2a037a158776e67ba33d93b64e76fcb1,0.5485255076907898
2b265f10df352b6f590ab4ea856fd5fc,0.43465129594750984
2b5a39d27e8808931217fac9a96eae0d,0.4648370051421762
2beaf3b86f3ef8883c393a45c076a1a1,0.7756705025800001
2c137d748e2e4032bbe00344828558a2,0.8492580284174496
2c5443f55ad82fc02c09020d77568a87,0.3344568099570657
2c84951cecc8d6575f2c09bd63c6b53a,0.9010282024649724
2ca96420038aea24a51db460cbc9bd99,0.3596750961064138
2ceedfb41d51a8524eb67e5c510a0d52,0.8987667133984607
2cf58cd255048aa5ad65e4f44d791a40,0.10782450521425224
2d4858133dbd7db0b65ee0721dbd67cb,0.9549925996257547
2d6fb4f18e3c641d9b3924daebb3acaf,0.5826984453059266
2dcf0ec41e2a4ccc20143b0e36bae5c0,0.3462259315362247
2ddabe3c67faf556bdb652470196ce94,0.9027871839942275
2f0b3371d81381994cae1699c067c3c5,0.4305594626219923
2f3af495b54b52cc96343205c17f27d9,0.3933871032243961
2f751954898db113373a5f2e96d8c310,0.8783297333406839
2f7d48d6c25e1a4f4c4976a03cd880cb,0.6182992009912451
302da6b2274fdc2690372b681c1fbd5f,0.5050749988779029
305375e6f475d6297361d06880e05108,0.35105144574970526
30543381520323b653d076ef51dbf4af,0.13042885927753367
30669b7b5ff4ac087947fe3de9eb7df7,0.7302279132336578
30e067538b20832bd6cadc8fa28452cb,0.9588243236194207
31807d345d4dfd01c9a0d638386fc295,0.5233187598543574
31f8b256aa6bd7a3cf18afbb9ef73246,0.07981241587577914
3237ecd3f59e48ee45432c0c840417fc,0.12652270033545632
32e387b6e006f0d936591de8ce4cea55,0.7105562402564809
32e3ead87b2eb9729db830c23eb4116d,0.9561361393798533
32e9b61fce2917ed59cf09b27a2c2d0a,0.8656982876816002
32f14f792d60a5bbae5ebd47f4ceeefc,0.7389372105177222
348b1fe222c97db91c783c7f3c4db6b1,0.8677836417656736
34c9e0979febb586556b5614b556f84c,0.5856092044558434
34d771cbf883643f0e1d892ccbed5e12,0.6318949718740088
34e57f708aa52f25fae1725bbede6a7e,0.6746000706717583
35c63610a18fd9479f097e06a8556479,0.21973656405865316
3646571bcdb5ddf2da1cdc6943d274f4,0.9853938006968491
36a4d92ad6a87dd1aa3abfeb3c6315be,0.9158464010171097
36f2b6ea13d76183ba8200d89cce6e1a,0.6712697625132327
36fdcd374dccba314e184d1bc8285250,0.5187309933330004
37979462eee882f4bc2ba207a48c9c3f,0.29467467424543714
37a0f6933f49c1202d0233aa18d7e683,0.9323838128960563
37a9b22b0aedaedc75cf78836aadfb07,0.8263542976299297
386a59c5046d3cc8075b29defdf2e1de,0.7506911623250885
3885c19a0259e0e20b76e4a6d809acc9,0.007975996464163138
38a67fccffc6ce108838088cd5ab9013,0.5114213026286902
3944973a39836d907307aa2fb01a51af,0.2809710305730668
39d01adc67e524f67fb7f924feca408d,0.4380296318573139
3c0d5858ab1fbb9c0f8e9b410d2331a5,0.7182384182297603
3c21c6c9522551c56dd82b78d14ce2ee,0.03280234801454818
3cb90aa725875abcb13e5472623c49d6,0.9645124828272913
3cc9a5a997c89e08609e34f7c2b26960,0.8203894279461641
3cfef297ec35f7e70942e2659d80f8c2,0.13558781474181192
3d0e7ab3d27e0f6be2a3b009b1267194,0.7222393762658732
3dd138364dd2b78c698fc9c0317e4d8d,0.5362131947746143
3dda2aad75f4aa22b61c1e7e0c7affa6,0.6677224881265833
3e306994a0cfc39e703418c69eaee8b2,0.12827142331451424
3e456492ddea48232cd921fee013e927,0.704185306157463
3e97d93d93bb3fd3af8a1cf775bfc987,0.5432777498541217
3ebe899afd3146152854c84bae426812,0.9318240719884664
3f11d9f0411c143e8272b3d6a1bc0a49,0.6391721902567873
3fb8f08fc12d0d53191cc35f543ad1ff,0.17056470545212177
3fd7bdf33dff977192232420c26a02e8,0.4931729162383379
402346432985ad3f02dc0558d7825712,0.952100718998812
40833f7d72d1a499565a247e031a4625,0.7783389106908419
4085c0895aeecbbc349aeea0f2013101,0.290331852821045
41146ce831aa7fb0eb11c5d056f4486a,0.9175267760627057
41499f4b1ac4b4c92f972e976f667996,0.5424463914460121
419e3c44513404f90c27fc9b2dc97af5,0.22098711324745135
41a72c0c63cb24d78b2710193edf31d6,0.5665107959750925
41aff7e3dbfa6893e3ab70049373e89f,0.05381195409616668
41f3902c8d140e0b25e5935a5d82f6ab,0.38264867795923563
4205bbd2fa65b4ae88e6d086e979c183,0.897495650410468
4253d34ad88210746dbde20a5f709d53,0.1283149328470763
42a91e77e9dca2a3dfaf9acaf41af913,0.4011965905012672
42bc7e3300fb3ad7a6c2ac09674076db,0.587619221099563
43510a0facd1f0653838f6cad04608f6,0.9295679482058663
43c2ea3482544a4f64d158546862bccf,0.7775074724634197
4450f274c72cd90b32565738c64cdc1e,0.4357206783092703
447f896dc49eb7deafa2c8388886427b,0.10300013630841232
4483f33e920f45bf3a30f6f0d0e2e534,0.5983279345084171
448f15a0f9ff955a77a7d61d9d9a489b,0.08655698529056866
449813ff3f5a8a8d9fbc3fc03edce90b,0.21426467497370372
44a6dae928705cbbdd82a4ebae6c115e,0.8880894835981261
44c46e9eafc561d6eba535b2fb33321d,0.6491184367017895
454cded3cf3ec24ad48c31d1c04d3f37,0.7048085670734519
462b7062cc829bc9e360fb2286433184,0.6804482091690572
465b996d74e05ff8b2af624eba356cc4,0.8446996919711589
46c32c6818464df1ae4b91ada410b007,0.8720169929785223
4750af83b1a42e3f45892a3029753c28,0.09701105556021772
4763700551016248d5c65a222980f181,0.7182501702974675
47c43e83cfe626d622098b18b27239e3,0.4179983015475205
481630dc224a210e3255afbbdaa34f79,0.3012379176222594
481a6c3d720cc98cd9d187e1a0706329,0.6382346372603832
4832ccb027149290f5dea864aa3866f2,0.7485897205541756
48b5a7e91ed9fef6c51cb5c547abb5ee,0.028806429171037817
49711c35baedac3dc87cb5629b55ea94,0.9772875891930509
49a4319a96205bdd1519f1d7fbdf0890,0.4797131024220189
4a97c6b93ad707718599d7ea64de0e25,0.05882464064188764
4afd1e7ea3bc30a7fc1d9668d0969830,0.7347645644527746
4b04cf6af4125eff5915a120e026e6c9,0.7725740705094379
4c48add89ccec103c006d17ea3282178,0.986387160232311
4ceb1bbf445940b4681cd752d9d35ed9,0.5736825188648392
4d22f73f3f300b546464f4f34f655d74,0.5203709993702716
4d52521f797dab274f6a539d9de02cc2,0.5671461635689592
4d61ba8cf5711f11fd5e260e8965a9d6,0.6440807073432512
4d86a284e904ac842c3e71d5855e71f0,0.5054599419664731
4e11672ac33b14847b9aa65cc56e4709,0.7983823425992689
4e63e0405272dacd06a4fcba28283b0f,0.8070871597270014
4e6450befb6da6474f12ad4f3433a826,0.09434449867995165
4e731341bedfdd8a9509204b25ea4108,0.36548262146796695
4ec7c9161cf6ff9f53f7c3648f540d7f,0.4044618215868424
4f8f898cd55e81ba277819f37504d7a3,0.08982949524327932
4fa5f58b3500ecd2070fbea1c0b2a58b,0.9503252239781546
50c2d61003cc32819eb6bf4d822af546,0.4621001349592223
515401fef3b2674821f0acee58b5b2e6,0.7371959624991956
5168fa0ec6923163feb59dffa6b9774b,0.751825573059251
51ca84230ef2d5af22004305ab549098,0.5085606686489952
526273e0d93cb99922905da6e439d8a3,0.48549224148849124
5288839aa656ea5ab27f9b110ff6e201,0.18178509077756055
533c25b4b650071653565a49ffccc479,0.8536917292336277
5460691182979ac0d2fb763363419535,0.10097094791114236
54f6566a84d182c59ef3928c6b1c5d90,0.8738098656599451
555a4963db813dd7b0b8d70562754a58,0.8001711196555741
558faee7406823dee81392599f9e0fb1,0.19286794133765062
56157a892db8ab471761e8d063eb3f71,0.017153350277428925
5698a25223537fbd57aea98736696234,0.021873741908326916
56cdbec413064c1c275fde7f6edee5a7,0.5018713522871443
56e83cac646c000bcae2a306f47f5fce,0.832645816660242
56e8be18f76089c398021ed3f34962d3,0.6647154645170017
5701fe145b67fe2f53aa9bfc971dd96d,0.7817734356781675
575ed23d5b4cbe1d708acd549d0e57e8,0.055722254796028325
57a13ba881a745a2afab860dfa78948f,0.44569808853356463
57d1e82b7c39c1272541f9ec9b759f35,0.8886400313167802
58337f92fbf9838df45ed893e1e82a89,0.6223188696680643
5846cd3fa2e61812ce42e85cca80d188,0.886431910603504
585ee41f0581dc94a719e7556523bd42,0.8298370190216162
586f502860f9c96ca4d463d0b0f047ce,0.9638978734178346
58e158e8ffba45551e45ae5761be7241,0.86449877005525
592f66930c8afd85f73a563740736afc,0.4867831424213256
59365781c9a6fa2ebc63e601149e11eb,0.8357510265164803
593fbcd6606c9d045e6deb658b181bb2,0.91832404204884
594d1f361e44474328a8cd1f40ccdbfd,0.06558753725322675
5963661ff1393bc7823726039e056c4b,0.9905104677516068
5a3558dba9e01e49607776ee6d9e1c5f,0.8223718440442933
5a3b86b47829977f56e419b4745c1898,0.23647973327330984
5a5ae67416bd80efe5370bf897bea58e,0.11578606512518319
5ad05c06ba8584797f59fa7752580449,0.9182721232956405
5adc8c3d1f637d168f54f126baf72819,0.11901268261883036
5ae53506303065cd6ea270af103d3cfd,0.3287294430756895
5b15ea3985c0893c8fe28f9526f5f1a3,0.8277578069977618
5b4b5573bfa6f8f8083c2ebe63fb2ca8,0.1051938486872035
5b5e1c307f44d5a19324250e427b4193,0.7027529708966068
5b5f4597b5004b98139b9422235ccb58,0.8038574912450299
5be2314f09f8f6299127d9d4e003c0d0,0.43427099323950324
5cb635594dc2e5fc21b3875f798983a7,0.928568117969965
5db0669e462366d6e5f7c2b8c5253914,0.7884846028110611
5eebb793c5a8498c13681d9d1574e377,0.7428571375342605
5f023a881fd144851163b6e5842ef182,0.6306744829145399
5f3d906cc4ff5ee0effcbda4f9925575,0.09700702485002011
5f4244638a3d052c59df2ae5334a6305,0.17122633185302893
5f56d6576783220d6dd7f224e54d794f,0.3281629147073025
5fa5d246e3c2692eecf47b75615c60c2,0.9584984019128303
609ca9518531577cdceebaac072bf409,0.808813409759143
60c5dbe49dd37add2df45b4164c25ebe,0.6425276828983858
613bdfa010b57b39741096aae8d98b76,0.6758729769973743
6250bfd8538bff3f835cb1e3c9a35f71,0.23569811572717547
6284b2cb0c2364a2e4ddc3dcf6c2156a,0.6685628533172074
6382e7eab0656891cd576702a9a45446,0.3594325551498979
63cc54897eae0bd56396bb3df6513c4f,0.29851862212875624
63d0e6f690c386895d4e08fe5d0e688f,0.9146222085649262
641064c94be67dcc507f03aba388a872,0.8155043618284374
641be7d65a4a865faaa155429ea80c3c,0.8641640727212426
644d761632e7fb4339d61f554c119bc1,0.9756256500267146
6460db5f998f39be8610aafdc9aa8f55,0.8797341181384302
64ee202c4fd9b204ede4d2bcf8ee3999,0.6017872494683554
64f2e4c12f16620c7c59fbb38f191982,0.983263564384034
64f4f7dad42c28513f7ba28fa60e97e8,0.7999808207779969
655d3710c5bf14e5dd2db18f3ea3157d,0.8374559259203441
6599b53b685c9f316e60a6fcfeaf3a18,0.9650158279921947
65d6e3e70dcc36f59fd36b764a737662,0.6234789154426612
65d9b0d4d8ce5681f920abe9024fb754,0.6854824942071029
6602b3e1b9f0e28a2f6149debb476f05,0.6249475724875726
6618134ff921dc9ee4c8843103890044,0.2694685909026915
663a854d19b834b0f618f9efae0f6b66,0.1689386232454756
663d83eec687ea12ba470a4b9170469f,0.6206101444995856
664c13a1d033d4968421c8d789a51491,0.82448626703768
66c2bfc7172a54c85b34adca78fd00c9,0.5306939931691701
66dab4749cc357d828629d84620423e5,0.45176311908819977
66e041602746a244d8198905e7f01daf,0.624862053547657
672de9e5c61b18c3f33259e0fe94102f,0.8474350783080854
672eb8181dbbe6721b9dcb9822a0d95a,0.4568842690358098
674b73d663145b78ddfe9f92752d6b7c,0.20251392485689512
67acc203cdcfef90a14369c4d4b3587d,0.9206318223704282
67b307744c628eeee0d08eff93d71bd6,0.508510858234416
6804c1e9e4c8b11bae3bd82bee764052,0.3154308167157216
68134213e5d9c154bfa17ebc82f98319,0.6914570121311722
6849213c7a47bcdbe2b733721692a014,0.12045225659609915
6899424d5d9c65aaa2d57fc74e2e644a,0.7742650494705099
68c7fcdbdbf9abb3c061ae754939f645,0.7348068010293702
691babba2be2e16a5ff2fae539081df7,0.11362409851939093
692a33fd43ff64e75261f8b8afebccb3,0.6164846426651891
6953fe819b99c13aac443292a4d220e7,0.32342124453776966
6a2b5e932faa624943b702f9b9c1837e,0.7318233308033321
6a46a93abc2f9bc085124f41839ccd04,0.9672123495928832
6a5f3a79413ef7c127495525752faf3a,0.05693241431043483
6ab72b4de20634e66fb35281c01d419f,0.732999825078529
6b1bf5dcb20f33efb520178a29577477,0.5177793683761683
6b20ec4a0b7010ae1deb1c72b7506e7e,0.8714871621372208
6b4fce7677d731a405460fc9a7438311,0.6739326496039596
6bde4b706fa5028be4810b1ed22a571d,0.9267278600140456
6c6dbeb09c4c705d0fd26d4fb4afd5a3,0.5248661623437607
6c740b616fabb5f11efa388431ca58ed,0.7711411333646009
6c7f123d86783792cfb2a889618cfeb9,0.6661666669109964
6ca0d9136c759cb1dbb5d4ecac758871,0.8614727964393728
6cd7c62ee9d81f8521476edc422e1641,0.4184574728505386
6d229e22deff9a29582e7567e54265c5,0.4566647904789266
6d607bd8cc87c5ab45b61d5485b79601,0.16114640093835464
6d97a8226bf92a20b10fffbdf1dd91b2,0.9390381722195326
6db0c4375fc6a0f097212ce7da23142b,0.6021757268594595
6e809e8160c3f02036cc49203e6ed1d0,0.20137298099926138
6ecdbf55810a3d5bbb2ba94cf4e136a7,0.7882111218102766
6f452dd2295a030e9b56666034f8235e,0.6050029102863774
6f8d54fad6cc449765fa68fe2d583145,0.9698603501442989
6f8e218adcbb4b5138367f1766425a4d,0.4998404156429972
6fa14adcc0851731095ac8cfa3224c9a,0.7555818516237627
6fd55370fafb8f31240e4b798cb2abf3,0.4948431818119844
6fddab9c2cfb764dadf1783834f7fd83,0.8825153360296691
70571faa93cac34c80e485b452d3f98f,0.16500685676200355
705c767dbe2af26139ce5cd73fc96210,0.23260794912928318
71552240dd63b2a4b5e3fe5613a2c1e2,0.4171185130079633
715fc7d6dd153dbae39599128c9e40d8,0.3625889158391242
718dda00c6923f01b6d2e7b74d4a292c,0.3188131103180033
7273cabbf6890cc9692f1537734783e3,0.0972110399442776
7289dc50fc510efc9ca2788c3277601e,0.6888426476410112
72d1b09b27378be8fad5623a682a0b2f,0.010146802005536748
7308c625050427d3af4b837f1b58be63,0.8443463378023903
732d972fb071453c17cd817b295cca70,0.6274276707860209
736581d94bd8726073ea5d856c4b3a60,0.17613858716358033
73b55cec5dec2566fdfe110f311668ca,0.8511968740763317
73c30d3c73e54ecac2b9e5239a888065,0.4226531087283826
73de62db161edc620fbb94fa0c08a2e9,0.5913105422849674
7412517ca11f3eb1ad457072e1ac1412,0.750551493733693
743688b62e8c2c87adf16c80f50b663b,0.18012452719413918
756a71cb14c23dbc29b7ed8397dc036b,0.48647658065612376
7596b152495a3cb24eea282bae111941,0.04330880953205196
75e18e39f0e650ec9a981b9fb52454a1,0.963125683254655
75ef4ee394f14cb5631015861f54410b,0.4574077253833869
7619dd10025707aae83d464883ccbe26,0.6614577212350574
7687c82e2bddcf70574cc37dde6a4106,0.3063855034925588
76dcda12f59def30c67c0779220750f8,0.09802931254102032
76e5f7be481920e62278dc9e63d78238,0.765228010725696
76fc88d6d91e94390d282ca6a33ca725,0.5473069084221305
7803c681704a0bc142b334097a2604b5,0.3206115812010859
78ae79a364bc5f7cfc7122a25c346045,0.06728470901136874
799326670ee9b3cce2af53170662831e,0.9357886759989072
79d83fa87570c84a4b5f153e68be1fe5,0.8239919114619644
7a0b3086e56530bb1b3c008b5e7b4879,0.19918551445990684
7a1964d4f78aa6f839ceffdc2725970a,0.9663323008025836
7a2fca05e21c7067b00fe8ee8df0353a,0.7813732936405025
7a67392b97d01aec1ae0cb9246ab1081,0.9836257595475532
7a713c2abfbb034ab342578a6fac58ae,0.5510001800735902
7a7e2edb67860307da9cc1c0b9facbda,0.3188540713175806
7addb407d2a9de91e5d41bbb0adbc407,0.764187899858829
7b355f484172ada698cba0bd697e4ef6,0.4078961734830775
7bb3ba41cc3e3077c70f8f270423804c,0.811161891505622
7c4f87a44bcf11b1250e8fa0546af712,0.290197010545061
7c689d697071fc2375b30191c886367c,0.18307110942352833
7cb47bf9d071733c36df63f87c3a98a5,0.20956836718694727
7d5abbe8c74a8779ba490399fdb94f89,0.8968582040299031
7dfcfa431a7f0a5a7f116b0d783ffc5d,0.44499094181907195
7e42f11b24fb144f2bd1a6051aa0f127,0.024219096611314495
7e517b50e499036daa01f0e66aa7fdf6,0.6980038198204197
7eb45a6e9c25d1300d366eb2919b138b,0.5170982769812362
7ecf8655a4f330b51d137c5dad3a301e,0.29698076185904454
7fc1e49afda89c62daab7d2616bd6b1e,0.5205828849542786
7fdb78c8b989ee58ddbbf7b7f9159535,0.5892044705128734
7ffed26d33ff4a0f4120a65ce57eed35,0.8915985628313559
801584afe2a7edb4dc3fe855152bd98c,0.40694015120034976
80202c047a1251c6cc7c1358981d3c26,0.152026270115315
80fca37516210b545dff029f55bc47d3,0.9736392528236141
814394434605611feebd6f37b58a8344,0.6191432832240564
81a9716a3457d8216658a78216ad24d1,0.6543123314589305
81edc07b1a0b6a7472516b023abcdce0,0.6522467847876099
81fb810af6ac679fd6a12b890ce23660,0.8908277204744612
824d31ea57a62f3a4b9de664ec7305f0,0.7237774711474938
82dcabaa51b72ccdf28c4cb216ab549f,0.7481920175394934
83439e543c516cc4d2d65b50b0cda7f2,0.028484022321068725
83936d83e3c286ea302fb39929dcbd0b,0.737984625261608
850477a463787800b03280bd98b46ea1,0.38958708632522654
8507da0222d614f01c45a10d33ed5758,0.28204335682260084
858542b4506ea28fbf1cc1dab3dbbfab,0.7833346930444857
85d4eb5dedf3e1e9c55656ed75fc7289,0.1547297705514744
86204b5b515f0150d6ce480e6fb0ccf7,0.7433272262755772
866a6716d2d45badb26cff60ad3108d5,0.03941764305865636
86854e1f3afe2e7247bf8498f3273a97,0.929847606995622
86bcdf69708c75c5711eee5c09479377,0.023703674592431834
877101bb1328eee1806d591dee1e137b,0.5202631362800867
877afd262bb3b279b41807a90a8842cc,0.15113634082113359
87aac7cf27feeb5b8f97cee4b34ea959,0.9356864752527866
884356881727a5434cdf9862ae9359a1,0.4189148725723574
887b4a482f565dc8fb621be04c666d1b,0.5779594679340868
88edbb01433dfc9ca6d5d6d4ad2283ea,0.7796857244820683
88fd8f699c9478da15c98cb6f0629488,0.3499087689811273
8975a9a4838dc8fb262061acaabc6948,0.9350068317562871
898cb404ddf4b1a674cd4d0152310ffb,0.6266172138442916
899e34beeb868fb3324c7526d9e3aa94,0.8069435033616794
89a70264917728778fd9373f9233692e,0.8503799694092168
89df1810e24ff2153ea422d00929831b,0.8171921315764582
8a732805d3b49d15ee8fe04f711309d5,0.2151312239525377
8ae4b48aa88b79ac0878bd6d224b3029,0.6725824723621813
8b2f00cad1ee31a8d1055696b5f66250,0.14304586761099847
8bd1a7cceb9293a6b548ec9533fdfdb5,0.5623124574457321
8bdb73aa66fa091bbac5b7dc811dbbda,0.6154993142189166
8c3190e864e1322def1cbc5da02452f1,0.7584311414551582
8c3d44a23bd4475f200446e02a931eb3,0.291230713410891
8cb6157e6f0c0279dddc779c7a258d91,0.8266609724164765
8ccc0b00d112390769594df3a8f277f7,0.5878683024055229
8d06a3d8f4a0ed34dd4e05817f319bbd,0.7265399368534163
8d78276ef7d41163c1f78a7bf30b6cc1,0.8918933895104363
8d80491ed954c955ee4dd122934f2303,0.7672003568891819
8dcd9bd1f339e7c9e8225820695b9912,0.8479244082943376
8de9b781ae9232ea0aa6ae3af732d5db,0.9904273553350953
8e29ba1ca01f44cbbddcd8624f6432df,0.41159528367651665
8e7e058b5b89040b57aa48198ce5486a,0.9290471146345793
8eb4c5711c335f9a8bdea472660faa75,0.9807507661778924
8eec8734cd98dfe6c23d30701da2dcdd,0.653410926892094
8ef66a1cd54d592b2927373818a44c73,0.21194756393324754
8f31d36ed8797b7db637b6ef2ef47e2a,0.8354891693259957
8f5522c3ff8462655486698c4cc449ed,0.7142840119520839
8f8cbfc41992a5d3b6857d829217e408,0.6000675985665427
8fe0ad209da47d271981f3fee0cb1b6f,0.7171751326422378
8ffa819e28333261e67161c43e076721,0.2891103653533268
9083721835938c77ca3cc7055b420d5c,0.49462895492270564
9088d7ce9232add54364e5620696c757,0.283322488707183
90bd3f3d45d0155f1d166002987f5b90,0.27966489877008327
90c9b3f4be613c39a5f1feeeeed7f9e6,0.6490387209143496
90e391b8672a7e706ee822687d0eaf54,0.8570659828574743
918f473893bb0cad92c576fbb0d69987,0.41112053752445465
91ff03bc840fe7cd3ce803f98f25a7dd,0.6258340983992892
92131faf8ff9aa6efb7a911072e4e961,0.2500009585096785
9216f8882cd1ea2d77198a8e7e8f6c5f,0.9442154962476865
9228a784fc57def569a3aef2048872e4,0.4673485687381538
92bbdffd70dce42171530e228f67e6f6,0.6073637216901269
92e957ccbdb765653194e1b82f9a1dc1,0.5310941992028837
92ea676de035f02eab2f6a9c7595f670,0.7625018370149184
93109b14bd27fd9b92b1f57b51f7b70b,0.16526595045825399
934c0a5b384a45667929ae5eb19be8b0,0.23325768385148316
94191c7606347a496020867dd9e25c64,0.9875822009283367
9423d7fcdb3a842e5cbc9575b9c895ae,0.8386756344212444
94723ac8417cef6e7331140b5baa5d81,0.826968644080563
947913ba3f5f459a5b5d243374d0b4e8,0.9144542732842038
94ce6927f305049250499d8c90150379,0.8679972610691642
94de531116d8ca5dfbe2a83a396db6b9,0.723712574703844
955c4c8db0685dc0e1e7353c62c31451,0.8137306581262782
96606febeda00077a63295e50b69e18c,0.3445443407751181
97144e8da0abdeb5776d41af922f1076,0.4388059616549249
97c628a164f281c185805c2c2fbb210e,0.8321808935720016
9843314a890cf2c290899f686c2948aa,0.18163999722724378
9882b95ebce98b7972c4eed69e125ac5,0.9836394741327149
98b630756cf37b76566aba86a0843fb5,0.8789594194794403
98be29be38f40b95f7610c9d0b994d92,0.35267904227934976
991d09b09e0f03bbc0231621e177a2aa,0.5873302079535978
992cd6d98a2dece5926b7edb9a7fb86f,0.6138539173383932
996bb88df3324c05d18294be715071ba,0.29084708966175177
99a2f58358f6c2c8d2bb23dd919ba21d,0.8729872507040968
99bc423bc16753e19e67b4a1ae11ff3e,0.8029785556543316
99bf7b71ef7a34621320261ede8a4dbc,0.41134234895602284
99fc754912650d03059242b7478f18d8,0.04052081416802189
9a1f4b0b6b9c0be6c3d273af03dc57de,0.8194201194737433
9a79641e9c3e424f9d2b26827e3577f7,0.32443609522619155
9ac04764c208cb8d78fdaf5491ee7b65,0.5727209848760211
9b18268be66ea560f20891efc27a70cf,0.45234934238298363
9b249bb0edaeb53e999fd83aa1bedf0b,0.9236281361436641
9c2c0d1dd1fd70fba560c4df9382d29a,0.8444935060357952
9ca2f5f63cd20eaa5017974a949b760f,0.9589392298275058
9ca939881801b6f47dfd295d276c1671,0.9790569704579183
9d5fb2c68bf39cbffbd7cbad0708d939,0.9446584412607909
9d6e8dcce60c1da3e575ee1946719b24,0.15013722137366392
9d802dcfafd485564dd56d15a7df47d0,0.8485326108251928
9f05fc89a487bafefa57a2b7f25bcbcc,0.6994212346829347
9f07a4f802502987f2d7e79ccfb48fac,0.3708718742315077
9f0e63bbd1efa1727703e7bfd6d437b6,0.9686569457341049
9f77e22d29934bb1f84f665c8029f298,0.5921513832195104
9fa543ea170a7581d54b46f3cadec4d6,0.736255223848828
9fe2a27526dfd3f133b0384a87254376,0.8828139409914834
a0f59549961faea0e48bc0337406aa08,0.33951688141941083
a1088cb31f063e68d9486e9fa562a162,0.34276031913849225
a2225945e0dd394c4b4469c52715ad3d,0.5291938132838163
a24e90345152db1c5e68a0d081a42ac3,0.8917750696191803
a2e0778098fc2e8aea61e7f7d86c651b,0.04900191701018797
a2fba5f921c868356b9a6f43615c83eb,0.9402882969855595
a34a28e51c063fc6c670bfaf9e346c56,0.946105701210863
a3853a82f348307b9e4d50ecd2aaac9f,0.996596176158785
a41d41df84ff234f81bfe5c33ee2287f,0.08691971141734356
a5157102ca302b8d7bd7c0c10f57af4f,0.2435175449263387
a52c0b84587e486de78e5c0793e5aac9,0.7503184231376938
a54930bfcaf3b0c62e57a2fd5a0f221e,0.06186438090414803
a57e8fcd1976e4a47a637ae0a23e86e5,0.6672332864025788
a5997c311d26b8b9bc463ebc53a4e857,0.9645872873456782
a61249495da236228550898062ababc2,0.8075231058877848
a6283d0965744425baa060d830a441d6,0.7342199819844379
a643ac78887011efaf5f3a32ccdab6db,0.058359282930472656
a752412982dcc2339abdc12f8bedb29f,0.5529187407737174
a7764f29065838b57e15d8bbc16934c4,0.2037490017733432
a795563dd3222f022f4482ab69614fe2,0.8058124757385371
a79d235177f2b6f6eeb18bb2ee92c3b3,0.7368650362999771
a83cffe088d09bc185e2e5b2c8fd3791,0.25622833494913844
a8a2b5dcd3f3931a0130264a628ae398,0.6633918893971389
a9aeb72f145de0fa9d690863a29efe9c,0.6494303540444596
aa45686833f5c3dc73f7ff1dfdf19587,0.253835616786791
aa5dc9ee527be49f07f2c00c0fba47fe,0.7477173827287869
aa90f7101715768e9ffe4f6454f37cf5,0.14044452183271172
aa9252d2b26afd2331e1bfcddc4b9a20,0.7608582797631639
aab572265e384b16a933c8b901f0f76e,0.9794553032343027
ab2dd67afd9d5646af35e80f3cf9ad23,0.24862203049216625
ac198360a4d46d4349ee20aa0e1b62af,0.37093291035197273
ac281592786482d46846c68b5914e0ed,0.979248559379279
ac44f0f16b5c07da36321f0a81ce3759,0.797129820958189
ac7cf84dc251717ab7cceda3de250fc8,0.6622798274109921
ac82a7aeabbefc3ed9b13b290e955925,0.6900440038409441
ac85cf7ddf00a22912abe27d6958c3af,0.4320928075517514
acc84032917861532e2de29f482e9aa4,0.9432540530116651
acfb1fd97b5b36e564aed73ff5690a40,0.9919148454456957
ad23d05929724dc671ba38db39af3a6c,0.9651754836400767
ad5a7c45ac53546879b41376052fbfdc,0.7020043765028221
adab01d6865023df8b516944db62473e,0.6048154782082786
adb3df35d4be759adc4fd4191698a049,0.4975073275879892
adcc9b0da31923388f5281be44b2e38d,0.8589026906337764
ade222920063e34aab9064a9d2ef6dde,0.35738029244705305
ae44ec530302f887bc5a084897e997a0,0.9730201099528055
ae566d65c97780aa89dac453b19fd893,0.1241898289501111
ae5983aa1c7cccfef69678d53d1dffd7,0.9206182036817512
aea98c0a2d07f10f90884fc4bc6c26a0,0.8637116347625101
afdbf79b56a5c462e64392e2e0714cd8,0.12915235080229492
b04c2b2816df378b0d599e1b9836d527,0.24590337411638874
b07e5edf2ea48d9c54424f8fc432d102,0.562114903510897
b082104563ec2c9f839de7da02a1defb,0.9235801971334251
b146c69f804df8a83dd46d13a49dab21,0.6989655096933797
b1874ed0b1af6313846ac86802e858e0,0.16445084772131047
b2727f4d040074c9ee9e8154ab3950df,0.9596239566110897
b27dc6dc1eb4e6430be6d39e40241233,0.7836511611538963
b2f210cb171e425463e57981f15086b3,0.8278597802511296
b315d9f730d59b1608411cd9c1e9486d,0.6116279321785281
b3539346119c37dc699079a9bf80bc51,0.9187937969413748
b369800c606a3c62d53c0aa5edb286fc,0.5918177952147458
b36e3323279db077b7f8b5dfe0088397,0.9882076108915535
b3d24a79473d8786becbcb7c4adce6bc,0.4741247742621628
b58d76184f8ad23bb3df64be043f9218,0.660252967392062
b5fc380541c3930afaf98f5d8ea10865,0.03848784089244839
b643520f7228224654499eb949e69429,0.9204159277557835
b66d8795082300ad68545d0eb3cfa221,0.3106696937859724
b68f51c1588aa80726282637d285f2ed,0.6408970713244282
b6ac068fcee90782ff0213a9cf4fa8f4,0.8215947006587321
b6c55644d63a94795ece78ba2ba85d47,0.4957443041850982
b6e9b699603cfcf7e98468d9b2c0f615,0.06508466934763135
b7e7cfa300582655019b6db08975c693,0.1451728934437314
b7f171eaf9dc1f0f8c681c30951518a4,0.6293545251158696
b882f075946d773a435e7498696f5cf4,0.28227264807161856
b884647d2eb19f8c494d04ff978e4697,0.6417643190766376
b8d674d491366ffe75bb10ccf7f370c6,0.6866272985550526
b8f665c8f495f299059c20b4dd3ac2d1,0.05408843440604305
b90dc8125702aba82d9137bf3c2bf377,0.9193472651585328
b948738d336d9db9f94f39c9a3c5f877,0.6580028989168534
b9666bfe3c0b74603e2f030fed7519de,0.7138963836025332
b97fd531fc7522b00e72532d8fa9f38d,0.9824140960709695
b9a260e8f02f4538a0430d333085401a,0.70242767786331
b9ceebb101fddaeb9a937923f1580428,0.21673801584298935
ba10015e28038da87ab3ceae2f959704,0.8692700423277805
ba60ca6f0b9093a5570317505d896df3,0.7569340462762854
ba6aa99a225e802b42073c24f4878b88,0.5541978116462485
ba96b405a7a429c03cf7906ffb29b0ed,0.6338482303295818
bae6e9a45e7df6aeb7e8a87b8760ae92,0.6941305204411979
baea87752af872174964dd3473d38526,0.6422516105556368
bb0550c15a1e0cb3e6cf6aab0969d2b7,0.9688893433950988
bb0b1ade310d72103d513a0c89393d89,0.6357735896180057
bb6fdb24c079cbea0c077df5ee3d5341,0.6425138454655086
bba08350e4aa3cc619caad4cae1d63eb,0.07762951353801373
bccded16bc6879d2729722aa8925d98c,0.963630572781859
bd693005ec5471f88426c0bdaabbd427,0.4952416566398469
bd6b40c3fae25f93646e1c5fff550bfd,0.9671793446009866
bd787a2f7be1caa5bdb4c27662da99ef,0.14860368040037408
be4c0b63aa5e96df822d00d41d778d87,0.617690875583522
be7ef53cdf081151204121ae1d248431,0.08878745565105028
bf2521857410ea74062dab71063413af,0.4699081079667661
bf29ffddb2fafaff913a3cb79d027e3e,0.276324182479568
bf6f6f29e6d8b1e3bf773f405c64eb54,0.9031644425435111
bfa5da8cab8a2258412c38d00ff0a595,0.8234952074616548
bfc5d09b4971ac506ece7b4670d6bf65,0.9404859798439609
bffd6cb498f85c0554c677c3086b3611,0.9633724916181687
c0034a28c4c0fe84c36f477086d4740a,0.6472358084895684
c0eba9612d0d533dea64ec895ffb2480,0.5639728383991587
c0f9c5ca802a3ed926642dfdd06e027c,0.09153172109221785
c103aa92f8c8f4babfff703dbed40172,0.7727407756916462
c147a9cd79679e1cf8597dc6f9e72567,0.31832124381699345
c159f0bca7df9f6dd58ef2ecf7c93791,0.15048751358128332
c1a4076674a957eaa3caddff7bbe5b7a,0.7433959137088273
c1f224087a8dfe9c59f02d5857145359,0.9243434202575631
c20371cb1683ff049f277439b4aafb28,0.8161166499449843
c26531a240709f992f8131e4584b3170,0.08333790455143397
c2b11a9e21236ea3b200c4b98c7e7524,0.8120440091918969
c2c0ccc732f261297cbd0fd29407a2d3,0.4963102028805143
c3718badd2812d3833e4b8981d0d1e1b,0.0764449398764655
c372ee85b4be348075575059c82be034,0.5286424095896136
c3ea1c9614d17f942a447aae455729e7,0.5465715051805328
c420ad26a6424e224c711824401c2406,0.4414963073403648
c44ffe3e31611296a25cee97e53b9d6c,0.6842529554686809
c53dc6351548b0593d182c494b0a85f8,0.7775193110488932
c5acd7967ffdc2446da127f429ea059e,0.33881892250250645
c5cfca68c83986f1f548d69bbf6a2e52,0.8328492070594181
c605620a83c147ca6516af03c70c52d1,0.9461253432449421
c6797cb9a52d7fcfa1bb0bbb5b5b5651,0.49756526645189325
c68b81d4271f3c5ae17fe55b2bb067b3,0.45166312838844735
c6dfe498607cdc43e19406a1d32ef919,0.7658751566498381
c6fcb451802f79920192a329c274c893,0.33669777434020787
c70c309465d06bb118c88bcee64b4787,0.21831014352084632
c75af53ff77eb5a37b34e350754d2bb8,0.6519850415682122
c798316158a5f7354904f44f088b4e3b,0.6910821306378971
c8be102fcd2a0cfdb9a3d2a26cad45f7,0.8426451187827341
c8e21bdf77a1cf6ee994e5600adafd86,0.555372245491073
c941fe885e3026c1c6af4b73eea14e2b,0.8427092181356752
c9976d4c61a2c70ff6f9116d0dee0b80,0.38627677626565127
c9e12367fbe01f2bcef0016764367e06,0.28565690983501324
c9e65a6b61fed91f0da7d9a44df75bdb,0.9274856111903831
ca202c21ab7269618d038ee9ecbc8456,0.7998780033613792
ca4b8bf91f708113a62d00b1cdcbefe2,0.33650919015828773
ca6d5390a1ac99d9eb3ae0d62bec3509,0.5720651961104798
ca8aeff4b603f687c21bf6764d557f41,0.14471622873432655
cac6b69b7fd9a0dfb731d22436ef3d0e,0.8990984668254897
cb2e0817eccbaf5e9a27dac32050843a,0.03190387564802366
cbc8ad9fd25c13a4e82aa798c7ce1b57,0.2283486892176505
cbe7f1ee395c0018719e2d234ee2d183,0.2679856069758412
cc0f0e69ab9a7dec22fcc5dda2a37e23,0.6727662533193026
cca4393980e525cf7e052e4473d47074,0.7908428530347387
cce2784988e35787e964b8a48f0dca52,0.15249372374828718
cd1d5b18566bdbb284d784bdde5744b0,0.8627251228156441
cd94dea8d9bb2fe0b7974822c647cef2,0.5472106588694411
d027084e7a6f112eea53edb6e96f4f5b,0.049999454064360904
d02aa4b7270f25d0f4413a2299648b1f,0.6022412297426969
d057caa3a605d07b95acda8f9c56f5ec,0.6283864055721884
d12dd77a7c7f692b354312d88910445a,0.6217353767409692
d1498f0c60ac114b302a7090a269f89a,0.081470284736746
d2098ab4a12e71b7265305580db4145d,0.6562967892092336
d28bedeeeb9d6d6773a8c965481163fa,0.7980530568876312
d29d8f57cad284ff433ca4d6a93e6c28,0.21931644902433045
d2aba2e26bb9ece9381a8d2572dccc63,0.27089196361843515
d2d59696a8d774beb110f18377965260,0.14935312323705374
d3daf4329c6c071853abf44e0896cc42,0.040249796027790774
d4dd94cb87c93bdc922a8d34e215f89d,0.9172984660403486
d537e3544dc0ec1cfa5818326d3d7edc,0.9704556028057012
d58d159b2ff2e8a8126adaa406b845e1,0.6473238603021401
d5bff6e13e4d00c7301404df709f4d36,0.8354535346079804
d6ae7721bbc260db492d08974d832679,0.5786646438214781
d6d0454c917039cbdfe15707d874dbe8,0.012958176380784447
d78977f41ba412d70670d01f9fc95b72,0.751561512355355
d7a56b2486b7cd0e03599c10a1361515,0.1458150787149295
d7ffb43ec87640d25155d047b0fb0777,0.5856630341833555
d850824b80f81ffc0a080d0dc60f8505,0.023042396524643016
d8a439a820e0c01236d150b0f0229acb,0.9278034225453874
d8c3316066e1fa332443ecdb5454176b,0.4668020165071518
d92b0057b83d362b33c7e4cae8b67191,0.7396786377069408
d95fef256cbdc977b9cfe11e2f06b96b,0.7888099543713869
d97201ec57faacde21923d26014e802b,0.9464194723847645
d9be385e21c616fe2228bf53fb32e415,0.5794928326919955
d9f29544cd3928b20fe9707d2f919918,0.060594751297998295
da5bee69ef772c481b9590fb367d1b3b,0.42794257494399723
dac871c347bb022b017d6b29a85b8987,0.31841069492849616
dadf92d52036bc7bfb1b802379e1cdb0,0.9587098263797839
db44056aae190234a80c34388cce9888,0.35757484286581454
db9851149b37fa2440fc4418294eae58,0.09019078724751384
dc9eb487bf5e669201f1273932fc6152,0.03609287815315043
ddec7abe598e486e048549c5f18cca45,0.9188900926481935
df1b4a19e0fd488f71a722a4328c95a8,0.5528247463868388
df3c959c6ca886d0dc209a067153b538,0.9527265095970076
df4c8722c3e9757c44d7355c62930e67,0.8016676123615538
dfaab4164bb7093a387c6b4f820b13db,0.6094157948939425
e0049d0e3833b2978f0c5d14534cf29d,0.05115307985844697
e172b49753dcbeaf2a4a492a11ff2c36,0.7984364994330821
e19f4e3c891be251bc3d3213b39579b7,0.22532328243041222
e240871e218ae175f6263801378dcca1,0.22075890054203906
e28246264d735aa44ecf3894c6219c10,0.3624254063166822
e29c7f97e1185142f7b1bc9b045459bb,0.8911209154100935
e2af593dd37ad9efb0b2ee69ae28181d,0.31555384493463934
e306fd094a0991bfae3566801e077473,0.9538353686207917
e30cee39b49cc8f7239beef189c15436,0.955322354059326
e35ece8adb5e6ac116f2c501578ab5a4,0.03220256409515543
e3f89b6433f20b3597d42193df4d3ce4,0.2603702593212829
e40c188b48edac69c1e7f215ca3421a7,0.1916857613343167
e433c67b4ced88af165f5322aa67b211,0.5252212526233785
e468ef9cdd2893ecb602e9605b06bdde,0.9030122742495241
e4763d78028ccb1883a3f756bef9ffba,0.7808387591742092
e4c3a3e6d76b76749e550c34a98d357d,0.6790920126472257
e5072cfc598c54d466969032ca54d63f,0.7026071853612252
e53a67cc9a3c311c533553eabfa86aca,0.8501674551925037
e54db5fb66dc4449f7b6c32136221814,0.5032085981160674
e6137b87472d1c11e0fb9ca81a055ead,0.20261527645589616
e615e91ce8b3c0665dbe9cf2b8dd4ea1,0.42356948802066907
e61d3041a1e6e49e77b361f5599333aa,0.5192635176002499
e65e021b3375a0d3fe97bf5a5b8f3ff2,0.7801424336568857
e66feee7bb428ae191c6dfe9f185bb6e,0.5628381849867332
e6867af4e54bf413196fb511f2721f1e,0.6605795397685311
e6c0ba3d40d21da5a3223a1f7aa87e9e,0.8553997227084758
e72d4c0e60ed7ddf479980d710a39bc1,0.6951339648026738
e75349ca247696be5f4a283d449baabe,0.8697237572560812
e7952326d7fd1e359d33bccf918a73f0,0.7126224762405587
e7bce046813a4f86e1400ba36e0eea1b,0.6267848539821985
e87c2a82466fac99b0019bd66f7b99ed,0.6874860090722653
e89f8505edcc1828967b118a4a128497,0.3398116315453169
e9101ffb7166383387c605feb71f63d7,0.911113202078755
e94d1278ae4e76c8c1b9e024a7ed83d6,0.7425515529365198
e976202a67414f630a5322b46ede575d,0.8004336714585883
ea344de37e46e4c8bd11acbdacbf7fa9,0.6325573878996904
ea48c2db9f4299e810a34b1dd72fa383,0.8003746051991467
eabc726be712ca8e46567c86f30ce7f5,0.8619040423998865
eb50362e936b5f125411a174223ce580,0.07276934771248122
eb6764f86b7400539073d984c61d0975,0.8692930643441747
ebba62a79916fbaf0ae73efa3228feb4,0.8440488962352426
ec29de5a5b21cfe3eb5586cdf4760774,0.20182107317585407
ec506e3afeb57bf29e8a0c20bbc07468,0.757968600725378
ec99b14fbb3fa2943209cc2824f693b0,0.7303281048919767
ecfb8a63a01fbcc9a60307b0dd0775bd,0.7243264024254962
ed2d34a5168b60badec71d561ae4c430,0.15988310112792137
ed2d5456bba8340dd75c37463b0a34a2,0.9026588905577919
ed5de1c54eb575d027cfdce48fa15d2d,0.027112774504655435
ed7f8fdb0f4054710a2836e7005edcaf,0.9228485735733692
ed8b0ac27ca257f61ef7c96d43f8ea4f,0.7689567730547774
ee18d5d52340b9913fa423c32011722a,0.020540602407791764
ee251b0c0950181c7ee2ebeffaa88411,0.9652276647866211
ee2c116a6ef1d413ca62641f3e62e4da,0.5954812078536693
ee699a500ea8e7a58ca70f926a35ebfe,0.34553950362115693
eedc5ec53f7eebb1f326a03bb2e03a4d,0.06143322388489125
eee19ffe2cbb8d4fd52d204b2571b660,0.8009282769706182
ef8df0b0e054edf55015de8956e96883,0.42664459210293526
ef8e6a57c7a4fd1526908ec4fcd97260,0.4572704572762657
efa612c98335533cecb0ad7bf32e44d2,0.250191326528474
f032a6d61a0850fd4c91da4b48927184,0.5656630963316926
f0453931a6cff016b3242475cf328adc,0.27992316235978454
f094789fb0b0a2dee28ca876210f992e,0.2884658226078326
f11d7a67d566a5a94d8643023a4dc60e,0.8729600999947124
f13f0e52bf6148bb8bd24662a6078ff6,0.9335132705521223
f16f0e8dc610bf419eb32c31269e33ec,0.4091712217604483
f1cf3366be8f5dce018e3e137eb2a1c4,0.41660297575385963
f1da7a2a14221d68baf6637e4996452e,0.9708884290498447
f26bf77be9bfa843607f64d6a6bd2418,0.34482696573931526
f2709d57270be45499b16a09d9af8951,0.9700326908117752
f2b5ed79293b0c8ef1c9abc34863cb87,0.9071637058068877
f2cf63568a152c400cf2f6431c77a2c7,0.9537835669633851
f3cf1d69cb216709532100f5f635bffe,0.08540473284813666
f3e3641d80d5fe5302a3f4419b7e26b6,0.8293522800886801
f412529c2d44859e8c1cfa9857ebc8a5,0.758268934570992
f420b6cc52d7140a708968c0da37cd44,0.9881758215950897
f43bf95922f8ae0078cf4fda3296e7d9,0.7544044347945903
f49804405d6e5aa0e6aeda05effb7de1,0.7535146343096566
f49b5cb001574af87e558e8e9889627f,0.9448955811762607
f4afb59528cebc70c36d6675d7295e2c,0.03607925377517196
f519737e443b35f93ed83aa7a1e2bd7b,0.9842570931953725
f56fc3660ebb76b9632d41cf23738184,0.7395397863797653
f5723acd3730292af8841cbb6ec30b72,0.9588293951098718
f643ac6e0c9c01de568baa281e405748,0.46796339704540124
f68e6e413fd4c2cce17ce6ccc21a936c,0.7021142396665354
f69b1494831a1742ea26af97990ef36c,0.371924698602505
f734e8466648d91596cf11381a72e523,0.263390694751948
f735999ba35f5d6c04bd54bbb80dbac7,0.9295005532824108
f84e0738fa2718e5c1e03de6590448a6,0.875586255768205
f876be13f00417fda4892a53d0d1ac70,0.37330803135880775
f87cb155d9500782129b6753f94a0e46,0.03520349282172419
f887db4af526b78eee5a1a7ff07609aa,0.43805271004282753
f88a27513bccc68b4f6ee98ace8e8213,0.6716683348036743
f8927cdee651135bcb99b712b43349ad,0.9228147399050297
f8e17cb4c31f22ce031510b8568c2a75,0.32592372816511805
f8e8f3a7005397829b13145d2653a8b9,0.682232386249613
f92fe058716fb74f2b0e8f1aef26c7d3,0.8676197900386452
f98937fdc9f2351a8d3c1acb38234702,0.5164575615624465
fa49f003ebb66fc31fa8e2b9fe208437,0.9277415930263215
fa646b310bbc3837afff4ea1862ea0ec,0.5842712831312102
fa87f4c5656bb0ab57eacd210366f071,0.12230284174371275
fb08aab11372fb79a8fdb7ba1209da43,0.9045566741339018
fb0e5a172ad766c9b27fb8d27769701d,0.9602590452418147
fb3081e7f534f8fefe74af3420e215fe,0.9914119298904426
fb3689cb5cc793c0839a01d43467bbc0,0.3779066638654114
fb54a60e0ceffd09e33df74fff6920c9,0.479704399839442
fbcf06a239a52329d297ff7e4571a448,0.13932362398985643
fbe036c4deea50ac36feeb4985d9c079,0.939468057228123
fc0c7c937f139bd6d1c5b5d0a0023dd3,0.5523229459667678
fc8de34c5f40f0fc9af2728937a4dac9,0.7466621192673017
fc9c65495fdefaedc4a30f4aed842419,0.5769865475452426
fd69f6a3feb052176755303cfb30654b,0.22557128862417453
fd7f076618df1d17dfa384b5457b10bd,0.8131339058285836
fdc9946769b1a64d5320364c1a34ca9a,0.08078625464490008
fe084e295034c4bd6ae4498af6882bb5,0.4635224944879093
fe9c3e9c58a97ba6c2922237bfc2a7c6,0.7297892376113353
fee8ac01c79388b623134d61d49c8900,0.40819449809781216
ff3fe45f7240273e9e22dbffbdf8fd48,0.030905438581516065
ffb2ae2399e91e4e0c1e10304d6d4d0b,0.8058334859537979
